n,algorithm,avg_time_seconds
10,Brute Force,0.001713200006633997
10,Backtracking,0.0004923333569119374
15,Brute Force,0.09411550010554492
15,Backtracking,0.017677466773117583
18,Brute Force,0.8843957667704672
18,Backtracking,0.13345973333343863
20,Brute Force,3.5034640000667423
20,Backtracking,0.5487345666624606
22,Brute Force,16.46571010001935
22,Backtracking,2.1758636999099203
